Mutation ,Overall Effect ,variant
R28C,GOF,R28C
R188W,GOF,R188W
V208E,GOF,V208E
R223Q,GOF,R223Q
V423L,GOF,V423L
T773I,GOF,T773I
G899S,LOF,G899S
K908E,GOF,K908E
E1211K,LoF + GoF,E1211K
R1312T,LOF,R1312T
R1319Q,GOF,R1319Q
L1330F,GOF,L1330F
I1473M,GOF,I1473M
Y1589C,GOF,Y1589C
F1597L,GOF,F1597L
P1622S,LOF,P1622S
R1882G,GOF,R1882G
G1522A / R1882G,GOF,G1522A/R1882G
L1563V neonatal,GOF,L1563V
L1563V adult,GOF,L1563V
M252V neonatal,GOF,M252V
V261M neonatal,GOF,V261M
V261M adult,GOF,V261M
A263V neonatal,GOF,A263V
A263V adult,GOF,A263V
